date,kdfw_obs,kdfw_fcst,baseline_pred_residual,advection_pred_residual,baseline_corrected,advection_corrected,baseline_error,advection_error,front_day,front_uncertainty_multiplier
2024-01-01,55.0,52.1,2.0873882035843123,2.272929045278068,54.18738820358431,54.37292904527807,0.8126117964156876,0.6270709547219298,False,1.0
2024-01-02,49.0,47.2,0.9306361058217851,0.704746069010203,48.130636105821786,47.90474606901021,0.869363894178214,1.0952539309897915,False,1.0
2024-01-03,55.0,54.6,1.2048156352379058,1.0809813713611696,55.80481563523791,55.68098137136117,-0.8048156352379081,-0.6809813713611703,False,1.0
2024-01-04,58.0,57.1,0.9585278625874536,0.7834862135735603,58.058527862587454,57.88348621357356,-0.05852786258745368,0.11651378642643806,False,1.0
2024-01-05,54.0,58.7,-3.5298368954275534,-4.063049368043888,55.17016310457245,54.63695063195611,-1.1701631045724525,-0.6369506319561111,False,1.0
2024-01-06,49.0,54.0,-3.8745523425601096,-3.693572413966309,50.12544765743989,50.30642758603369,-1.1254476574398922,-1.306427586033692,False,1.0
2024-01-07,60.0,57.7,2.013026837904779,2.120807929805097,59.713026837904785,59.8208079298051,0.2869731620952152,0.17919207019490102,False,1.0
2024-01-08,57.0,61.7,-3.683960549844394,-3.674339394567099,58.01603945015561,58.025660605432904,-1.0160394501556098,-1.025660605432904,False,1.0
2024-01-09,53.0,53.0,0.7451022800056425,0.7096428603897597,53.74510228000564,53.709642860389756,-0.7451022800056393,-0.7096428603897564,False,1.0
2024-01-10,67.0,63.0,3.477402462882759,3.498149340728742,66.47740246288276,66.49814934072874,0.5225975371172353,0.5018506592712555,False,1.0
2024-01-11,71.0,66.9,2.8634035614577296,2.807464960235969,69.76340356145774,69.70746496023598,1.2365964385422643,1.2925350397640187,False,1.0
2024-01-12,64.0,63.0,1.898915191330711,1.8987977439341626,64.89891519133072,64.89879774393417,-0.8989151913307154,-0.8987977439341677,False,1.0
2024-01-13,63.0,58.5,3.865683854028117,3.8608423477715603,62.36568385402812,62.36084234777156,0.63431614597188,0.639157652228441,False,1.0
2024-01-14,31.0,37.8,-8.07309541413823,-6.042857142857142,29.726904585861767,31.757142857142856,1.2730954141382327,-0.7571428571428562,True,2.0
2024-01-15,25.0,27.6,-1.432511310953929,-1.429818578903341,26.167488689046074,26.17018142109666,-1.167488689046074,-1.170181421096661,False,1.0
2024-01-16,27.0,26.9,0.3176740533911295,0.31062155209341386,27.21767405339113,27.21062155209341,-0.21767405339112855,-0.2106215520934107,False,1.0
2024-01-17,43.0,41.8,1.3668773248979549,1.2861668654529201,43.16687732489795,43.08616686545292,-0.16687732489795337,-0.08616686545291685,False,1.0
2024-01-18,59.0,54.0,5.99095559685455,5.731898576071272,59.99095559685455,59.73189857607127,-0.9909555968545476,-0.7318985760712735,False,1.0
2024-01-19,51.0,41.4,5.434832387923538,4.916846435533912,46.834832387923534,46.31684643553391,4.165167612076466,4.683153564466089,False,1.0
2024-01-20,37.0,34.9,1.3216339750078627,1.322494388543887,36.22163397500786,36.222494388543886,0.7783660249921383,0.7775056114561139,False,1.0
2024-01-21,40.0,36.1,3.9572305956377387,3.5996363999865384,40.05723059563774,39.69963639998654,-0.05723059563774058,0.30036360001346196,False,1.0
2024-01-22,40.0,43.7,-4.130482533207358,-4.150404025096311,39.56951746679265,39.549595974903696,0.4304825332073534,0.4504040250963044,False,1.0
2024-01-23,50.0,50.7,-0.7530438344834333,-0.6666096396810424,49.94695616551657,50.03339036031896,0.053043834483432306,-0.03339036031896114,False,1.0
2024-01-24,52.0,51.5,1.144555820898527,1.2867821278414198,52.644555820898525,52.78678212784142,-0.6445558208985247,-0.7867821278414198,False,1.0
2024-01-25,55.0,60.4,-6.129596038611954,-6.246324404614317,54.27040396138804,54.15367559538568,0.7295960386119589,0.8463244046143217,False,1.0
2024-01-26,52.0,58.3,-6.073265732245894,-6.463380932752616,52.226734267754104,51.83661906724738,-0.22673426775410377,0.16338093275261656,False,1.0
2024-01-27,51.0,53.3,-1.5981507829880301,-1.4702901893965046,51.70184921701197,51.82970981060349,-0.7018492170119686,-0.8297098106034895,False,1.0
2024-01-28,63.0,60.3,3.363101089373604,3.253362218761155,63.6631010893736,63.55336221876115,-0.6631010893735976,-0.5533622187611513,False,1.0
2024-01-29,74.0,68.6,5.539428512910244,5.437864677354968,74.13942851291024,74.03786467735496,-0.13942851291024283,-0.03786467735496046,False,1.0
2024-01-30,77.0,71.2,5.688088737567503,5.6084591240098876,76.8880887375675,76.80845912400989,0.11191126243249983,0.19154087599011405,False,1.0
2024-01-31,75.0,70.5,4.69349744111298,4.7057588995252155,75.19349744111298,75.20575889952522,-0.1934974411129815,-0.20575889952522175,False,1.0
2024-02-01,73.0,69.5,3.5825725494926406,3.512762850333607,73.08257254949264,73.0127628503336,-0.08257254949263881,-0.01276285033360125,False,1.0
2024-02-02,67.0,66.6,0.46024523204837026,0.3361781210325486,67.06024523204836,66.93617812103254,-0.0602452320483593,0.06382187896745961,False,1.0
2024-02-03,68.0,67.3,0.14302316693716646,0.3054101657994936,67.44302316693717,67.6054101657995,0.5569768330628335,0.3945898342005023,False,1.0
2024-02-04,63.0,60.0,3.4206875266338805,3.5030909259741403,63.420687526633884,63.50309092597414,-0.4206875266338841,-0.5030909259741421,False,1.0
2024-02-05,62.0,60.6,2.078581876160615,1.9566136402248206,62.678581876160614,62.556613640224825,-0.6785818761606137,-0.5566136402248247,False,1.0
2024-02-06,66.0,62.2,4.577107856895297,4.594121257716009,66.7771078568953,66.79412125771601,-0.7771078568952987,-0.7941212577160144,False,1.0
2024-02-07,66.0,65.6,0.5783714132288875,0.5317600306513194,66.17837141322889,66.13176003065131,-0.17837141322888783,-0.13176003065130715,False,1.0
2024-02-08,69.0,70.2,-1.514612700455607,-1.503269243201804,68.6853872995444,68.6967307567982,0.31461270045559786,0.3032692432017967,False,1.0
2024-02-09,73.0,73.0,-0.7946500969445303,-0.8246829590977677,72.20534990305546,72.17531704090223,0.7946500969445367,0.8246829590977711,False,1.0
2024-02-10,66.0,66.2,-0.07291573423644208,-0.5035950306773419,66.12708426576356,65.69640496932266,-0.12708426576355691,0.30359503067734295,False,1.0
2024-02-11,55.0,55.3,0.3054909155759709,0.11969515755776189,55.60549091557597,55.41969515755776,-0.6054909155759702,-0.41969515755776143,False,1.0
2024-02-12,56.0,55.0,1.317961172106955,1.2765929361335155,56.317961172106955,56.27659293613352,-0.31796117210695485,-0.2765929361335182,False,1.0
2024-02-13,62.0,61.2,2.080548759782216,2.1054933856782565,63.28054875978222,63.30549338567826,-1.2805487597822207,-1.3054933856782611,False,1.0
2024-02-14,68.0,65.5,1.9372753942333623,1.9128285826408047,67.43727539423337,67.4128285826408,0.5627246057666326,0.5871714173592011,False,1.0
2024-02-15,70.0,68.3,1.4683818690534929,1.3992189756185285,69.76838186905348,69.69921897561852,0.23161813094651507,0.3007810243814788,False,1.0
2024-02-16,71.0,70.8,-0.46878008977872676,-0.855538928226502,70.33121991022126,69.94446107177349,0.6687800897787355,1.055538928226511,False,1.0
2024-02-17,53.0,55.8,-3.1376942256689,-3.1289866709573584,52.662305774331095,52.67101332904264,0.33769422566890483,0.328986670957363,False,1.0
2024-02-18,53.0,50.4,3.0877113361151824,3.0491982897706826,53.48771133611518,53.44919828977068,-0.4877113361151828,-0.44919828977067766,False,1.0
2024-02-19,68.0,65.5,2.658232388084925,2.8397076895463433,68.15823238808493,68.33970768954634,-0.1582323880849259,-0.3397076895463442,False,1.0
2024-02-20,81.0,74.8,5.318595664653076,5.3038667620016176,80.11859566465307,80.10386676200162,0.8814043353469287,0.8961332379983844,False,1.0
2024-02-21,80.0,77.1,2.274464635714043,2.491778139451828,79.37446463571403,79.59177813945182,0.625535364285966,0.4082218605481813,False,1.0
2024-02-22,81.0,75.9,4.537206734432475,4.221573177544624,80.43720673443248,80.12157317754463,0.562793265567521,0.8784268224553671,False,1.0
2024-02-23,73.0,69.7,2.7812810786648914,2.514895210208503,72.48128107866489,72.21489521020851,0.5187189213351076,0.7851047897914896,False,1.0
2024-02-24,77.0,75.1,2.1878999854468595,2.224726936262306,77.28789998544686,77.3247269362623,-0.287899985446856,-0.32472693626229443,False,1.0
2024-02-25,85.0,84.6,1.0738207051263657,1.0308822424270263,85.67382070512636,85.63088224242702,-0.67382070512636,-0.6308822424270204,False,1.0
2024-02-26,93.0,92.9,0.06716882177288266,0.04285714285714245,92.96716882177289,92.94285714285715,0.0328311782271129,0.057142857142849834,True,2.0
2024-02-27,82.0,83.7,-0.7419547142470444,-1.5171885238700327,82.95804528575296,82.18281147612997,-0.9580452857529593,-0.18281147612997017,False,1.0
2024-02-28,74.0,79.0,-4.356755400591797,-4.620168689326824,74.6432445994082,74.37983131067318,-0.6432445994082059,-0.37983131067318254,False,1.0
2024-02-29,53.0,50.9,1.797864307067298,1.1799473468088946,52.6978643070673,52.07994734680889,0.30213569293270126,0.9200526531911066,False,1.0
2024-03-01,69.0,67.9,2.0464897027979227,1.9830805037424764,69.94648970279793,69.88308050374248,-0.9464897027979333,-0.8830805037424767,False,1.0
2024-03-02,83.0,79.1,3.371041448985441,3.298776606675025,82.47104144898543,82.39877660667501,0.5289585510145685,0.601223393324986,False,1.0
2024-03-03,81.0,79.0,0.8689383157350077,0.7153679888783695,79.86893831573501,79.71536798887837,1.131061684264992,1.28463201112163,False,1.0
2024-03-04,83.0,82.1,0.6496042039709662,0.5534308022500616,82.74960420397096,82.65343080225006,0.2503957960290393,0.3465691977499432,False,1.0
2024-03-05,79.0,78.1,0.8886267690509594,0.7265576544707347,78.98862676905095,78.82655765447073,0.011373230949047297,0.17344234552926707,False,1.0
2024-03-06,75.0,77.4,-1.283488699731463,-1.6490764675571778,76.11651130026854,75.75092353244283,-1.1165113002685416,-0.7509235324428261,False,1.0
2024-03-07,73.0,75.5,-1.338927447675304,-1.2975027529855558,74.1610725523247,74.20249724701445,-1.161072552324697,-1.202497247014449,False,1.0
2024-03-08,70.0,70.4,-0.8507144741603889,-0.8229664981255741,69.54928552583962,69.57703350187442,0.45071447416037813,0.4229664981255752,False,1.0
2024-03-09,60.0,59.1,0.565637324404247,0.5804535801509523,59.66563732440425,59.68045358015095,0.3343626755957487,0.31954641984904697,False,1.0
2024-03-10,64.0,61.7,3.1866717756793035,3.1511522498883666,64.8866717756793,64.85115224988837,-0.8866717756793037,-0.8511522498883721,False,1.0
2024-03-11,70.0,69.1,1.4037664663328506,1.2854110020859095,70.50376646633285,70.3854110020859,-0.5037664663328485,-0.3854110020859025,False,1.0
2024-03-12,74.0,75.6,-0.2225703564250479,-0.32906696317728923,75.37742964357494,75.27093303682271,-1.377429643574942,-1.2709330368227114,False,1.0
2024-03-13,79.0,81.4,-2.0557284829634197,-2.135999622160906,79.34427151703659,79.2640003778391,-0.34427151703658865,-0.26400037783909625,False,1.0
2024-03-14,80.0,82.8,-2.729508388252089,-2.8890850206245346,80.07049161174791,79.91091497937546,-0.07049161174791152,0.08908502062453749,False,1.0
2024-03-15,75.0,70.3,5.131044370362517,5.697371381845361,75.43104437036251,75.99737138184535,-0.431044370362514,-0.9973713818453547,False,1.0
2024-03-16,62.0,67.3,-4.701634482603611,-4.649232413407015,62.59836551739639,62.650767586592984,-0.5983655173963882,-0.6507675865929841,False,1.0
2024-03-17,65.0,66.7,-0.4638697637962076,-0.3101446759358516,66.23613023620379,66.38985532406416,-1.2361302362037918,-1.3898553240641576,False,1.0
2024-03-18,60.0,60.9,0.9016724348132922,1.292355054616814,61.80167243481329,62.19235505461681,-1.801672434813291,-2.1923550546168116,False,1.0
2024-03-19,66.0,64.8,1.7335596541610296,1.5102401367917453,66.53355965416102,66.31024013679175,-0.5335596541610244,-0.310240136791748,False,1.0
2024-03-20,73.0,74.7,0.03842531065196403,-0.2725536720484179,74.73842531065196,74.42744632795159,-1.7384253106519623,-1.4274463279515857,False,1.0
2024-03-21,65.0,69.5,-3.391566416666367,-3.3371381116567673,66.10843358333364,66.16286188834323,-1.1084335833336354,-1.1628618883432296,False,1.0
2024-03-22,68.0,69.2,-0.1625935710934244,-0.2859170426221333,69.03740642890658,68.91408295737787,-1.0374064289065785,-0.9140829573778717,False,1.0
2024-03-23,67.0,66.5,1.170836601812375,1.2187241836242635,67.67083660181237,67.71872418362426,-0.6708366018123684,-0.7187241836242606,False,1.0
2024-03-24,67.0,70.7,-2.0322199183578182,-1.8348486425044612,68.66778008164218,68.86515135749553,-1.667780081642178,-1.8651513574955345,False,1.0
2024-03-25,73.0,73.1,0.3857401225705449,0.2885354425299024,73.48574012257053,73.3885354425299,-0.4857401225705331,-0.3885354425298999,False,1.0
2024-03-26,59.0,64.0,-5.071046535314692,-5.109352007488111,58.92895346468531,58.89064799251189,0.07104653531469296,0.10935200748811269,False,1.0
2024-03-27,66.0,63.3,2.25397883417727,2.2418433389869277,65.55397883417727,65.54184333898692,0.446021165822728,0.45815666101307784,False,1.0
2024-03-28,73.0,71.0,2.451681170293344,2.098349128716734,73.45168117029334,73.09834912871673,-0.451681170293341,-0.09834912871673396,False,1.0
2024-03-29,76.0,75.7,1.4829418355512871,1.2543577981615073,77.18294183555129,76.95435779816151,-1.18294183555129,-0.9543577981615101,False,1.0
2024-03-30,78.0,78.9,-0.8222242472127222,-0.84809678555358,78.07777575278729,78.05190321444643,-0.07777575278728932,-0.051903214446426205,False,1.0
2024-03-31,77.0,80.6,-3.0740411240127936,-2.858389682283187,77.5259588759872,77.7416103177168,-0.5259588759872003,-0.7416103177168054,False,1.0
2024-04-01,80.0,82.8,-2.55722845252217,-2.515933328809962,80.24277154747783,80.28406667119003,-0.24277154747782959,-0.2840666711900326,False,1.0
2024-04-02,76.0,67.7,4.103907500954436,2.0428571428571405,71.80390750095444,69.74285714285715,4.196092499045562,6.257142857142853,True,2.0
2024-04-03,73.0,70.8,2.0939747323394124,1.850763519604432,72.89397473233942,72.65076351960442,0.10602526766058418,0.3492364803955752,False,1.0
2024-04-04,83.0,80.3,2.563230653435225,2.608527226955422,82.86323065343522,82.90852722695541,0.13676934656477613,0.09147277304458612,False,1.0
2024-04-05,85.0,83.3,3.057101711898061,3.0956387080801937,86.35710171189805,86.39563870808018,-1.3571017118980535,-1.3956387080801846,False,1.0
2024-04-06,79.0,79.8,-0.10793652276193817,-0.3364970551939789,79.69206347723807,79.46350294480602,-0.6920634772380652,-0.4635029448060237,False,1.0
2024-04-07,79.0,77.3,1.0774153727007874,1.0939539832427234,78.37741537270078,78.39395398324272,0.6225846272992186,0.6060460167572757,False,1.0
2024-04-08,81.0,82.5,-0.42113525809015945,-0.005628951288088747,82.07886474190984,82.49437104871191,-1.0788647419098396,-1.494371048711912,False,1.0
2024-04-09,78.0,78.4,1.2950972321173586,1.5746636650325265,79.69509723211736,79.97466366503254,-1.6950972321173623,-1.974663665032537,False,1.0
2024-04-10,64.4,68.8,-3.461361889220583,-3.59940377755606,65.33863811077941,65.20059622244393,-0.938638110779408,-0.8005962224439287,False,1.0
2024-04-11,74.0,72.1,1.2981097396130843,1.0950162098652272,73.39810973961308,73.19501620986522,0.6018902603869236,0.8049837901347843,False,1.0
2024-04-12,80.0,77.4,2.4800644318072615,2.380286243680015,79.88006443180727,79.78028624368002,0.1199355681927301,0.21971375631997603,False,1.0
2024-04-13,82.0,80.1,1.8642739609130454,1.9936201545993082,81.96427396091303,82.09362015459931,0.03572603908696692,-0.09362015459930717,False,1.0
2024-04-14,81.0,82.7,-1.4257784237792983,-1.4204701925418561,81.27422157622071,81.27952980745815,-0.27422157622071097,-0.2795298074581467,False,1.0
2024-04-15,79.0,80.5,-1.9436263154670432,-1.9898328589263712,78.55637368453296,78.51016714107362,0.4436263154670428,0.48983285892637696,False,1.0
2024-04-16,87.0,86.5,-0.08036161967177861,-0.12522345731856166,86.41963838032822,86.37477654268145,0.5803616196717769,0.6252234573185547,False,1.0
2024-04-17,85.0,83.8,1.058107751400462,0.4740646420148857,84.85810775140045,84.27406464201488,0.14189224859954663,0.7259353579851222,False,1.0
2024-04-18,86.0,88.3,-2.2693831503868105,-2.3817711883168293,86.03061684961318,85.91822881168316,-0.030616849613181785,0.08177118831683572,False,1.0
2024-04-19,79.0,80.9,-2.3601348911818594,-2.7714285714285722,78.53986510881815,78.12857142857143,0.4601348911818519,0.8714285714285666,True,2.0
2024-04-20,67.0,70.3,-2.6912406643390945,-2.6985642627468964,67.6087593356609,67.6014357372531,-0.6087593356609062,-0.6014357372530981,False,1.0
2024-04-21,65.0,65.0,0.9408383929284727,1.100731123782888,65.94083839292847,66.1007311237829,-0.9408383929284696,-1.100731123782893,False,1.0
2024-04-22,70.0,68.6,2.0008903296469507,2.160471385153679,70.60089032964694,70.76047138515368,-0.6008903296469441,-0.7604713851536786,False,1.0
2024-04-23,76.0,77.9,-1.634949707196722,-1.4516966461390626,76.26505029280328,76.44830335386094,-0.26505029280328074,-0.4483033538609362,False,1.0
2024-04-24,81.0,80.2,2.1671822035187023,2.0064315515306,82.36718220351871,82.2064315515306,-1.3671822035187091,-1.2064315515305992,False,1.0
2024-04-25,78.0,79.6,-0.4882013168199789,-0.43870428702287645,79.11179868318001,79.16129571297712,-1.1117986831800124,-1.1612957129771218,False,1.0
2024-04-26,77.0,78.5,-1.1513848969270388,-1.1987089487131053,77.34861510307296,77.3012910512869,-0.34861510307295873,-0.3012910512868956,False,1.0
2024-04-27,81.0,83.8,-0.35817885461217464,-0.40608914181945377,83.44182114538782,83.39391085818055,-2.44182114538782,-2.393910858180547,False,1.0
2024-04-28,79.0,76.1,4.255400125723938,4.527669307149574,80.35540012572393,80.62766930714957,-1.355400125723932,-1.6276693071495743,False,1.0
2024-04-29,85.0,81.6,3.2248110925494093,3.377954163810509,84.82481109254941,84.97795416381051,0.17518890745058968,0.022045836189491297,False,1.0
2024-04-30,82.0,83.8,-0.23050432296828863,-0.22973517886993894,83.56949567703171,83.57026482113005,-1.5694956770317106,-1.5702648211300527,False,1.0
2024-05-01,81.0,81.7,-0.6437175215145624,-0.7434724065036586,81.05628247848544,80.95652759349635,-0.056282478485442766,0.04347240650365336,False,1.0
2024-05-02,79.0,83.1,-3.2336955111381154,-3.730521734657637,79.86630448886189,79.36947826534235,-0.8663044888618856,-0.3694782653423516,False,1.0
2024-05-03,82.0,81.2,1.343060307388464,1.2960675088361986,82.54306030738847,82.4960675088362,-0.5430603073884726,-0.4960675088362052,False,1.0
2024-05-04,81.0,79.3,0.9561415553756938,0.9904724285829201,80.25614155537569,80.29047242858292,0.7438584446243084,0.7095275714170839,False,1.0
2024-05-05,80.0,82.6,-1.1752719836710512,-1.2037849607529874,81.42472801632894,81.39621503924701,-1.4247280163289417,-1.3962150392470107,False,1.0
2024-05-06,83.0,85.8,-1.414830924625876,-1.3076005806954047,84.38516907537412,84.49239941930459,-1.3851690753741224,-1.49239941930459,False,1.0
2024-05-07,90.0,87.5,2.4917559619164344,2.284406209124617,89.99175596191644,89.78440620912461,0.008244038083560667,0.21559379087538844,False,1.0
2024-05-08,95.0,92.7,1.3781521905522929,1.232265113046558,94.0781521905523,93.93226511304655,0.9218478094476978,1.0677348869534455,False,1.0
2024-05-09,91.0,86.4,-1.5963773198406748,-1.8079100714973815,84.80362268015934,84.59208992850263,6.196377319840664,6.407910071497369,False,1.0
2024-05-10,83.0,79.2,3.3217908704651737,3.1726728349699638,82.52179087046518,82.37267283496996,0.4782091295348181,0.6273271650300387,False,1.0
2024-05-11,80.0,77.6,2.915184157048254,2.7705013505754477,80.51518415704825,80.37050135057544,-0.5151841570482532,-0.370501350575438,False,1.0
2024-05-12,72.0,73.4,-0.14735639032223333,0.10783385352481227,73.25264360967778,73.50783385352482,-1.2526436096777758,-1.507833853524815,False,1.0
2024-05-13,85.0,82.4,1.2266070976401662,1.1583375002933904,83.62660709764017,83.55833750029339,1.373392902359825,1.4416624997066094,False,1.0
2024-05-14,85.0,82.3,2.3277235321464462,2.1730314598064915,84.62772353214645,84.47303145980649,0.3722764678535526,0.5269685401935078,False,1.0
2024-05-15,90.0,86.0,3.6629034457688756,3.7006179095965086,89.66290344576888,89.7006179095965,0.33709655423112395,0.2993820904034976,False,1.0
2024-05-16,83.0,80.3,2.8004869455417705,2.768609293608386,83.10048694554177,83.06860929360839,-0.10048694554177473,-0.06860929360838952,False,1.0
2024-05-17,84.0,80.2,3.856057157923637,3.9278772623536193,84.05605715792365,84.12787726235362,-0.05605715792364663,-0.1278772623536213,False,1.0
2024-05-18,91.0,87.5,3.2264451267449963,3.2225903697496534,90.72644512674499,90.72259036974965,0.2735548732550086,0.2774096302503466,False,1.0
2024-05-19,90.0,88.2,2.161969759853651,2.215096138389128,90.36196975985365,90.41509613838913,-0.36196975985365043,-0.4150961383891314,False,1.0
2024-05-20,90.0,87.1,3.114182758402767,3.1009351613520217,90.21418275840276,90.20093516135202,-0.2141827584027567,-0.20093516135202094,False,1.0
2024-05-21,88.0,88.5,0.7986689813858828,0.2123020691680182,89.29866898138589,88.71230206916802,-1.2986689813858874,-0.7123020691680182,False,1.0
2024-05-22,86.0,86.1,1.0624331485077712,1.0106761698808593,87.16243314850776,87.11067616988085,-1.162433148507759,-1.110676169880847,False,1.0
2024-05-23,90.0,86.1,3.551438239095707,1.6857142857142853,89.6514382390957,87.78571428571428,0.34856176090430324,2.2142857142857224,True,2.0
2024-05-24,91.0,89.5,0.6841095653114153,0.7407641624368754,90.18410956531142,90.24076416243688,0.8158904346885834,0.759235837563125,False,1.0
2024-05-25,92.0,90.9,0.571179957924775,0.7156488023318168,91.47117995792478,91.61564880233182,0.5288200420752247,0.38435119766818104,False,1.0
2024-05-26,97.0,96.5,0.8446150003898404,0.7234947241847871,97.34461500038984,97.22349472418479,-0.3446150003898367,-0.2234947241847891,False,1.0
2024-05-27,95.0,90.3,4.496457696885507,4.102089556691028,94.79645769688551,94.40208955669102,0.20354230311448873,0.5979104433089759,False,1.0
2024-05-28,84.0,86.2,0.45951330799467816,1.3251047294150935,86.65951330799469,87.52510472941509,-2.659513307994686,-3.525104729415091,False,1.0
2024-05-29,87.0,84.7,2.0682687159192015,2.0160783247647673,86.7682687159192,86.71607832476477,0.23173128408079435,0.28392167523523426,False,1.0
2024-05-30,83.0,81.1,2.317788322340623,2.337358189312126,83.41778832234061,83.43735818931212,-0.4177883223406127,-0.4373581893121212,False,1.0
2024-05-31,85.0,82.4,2.024520646383617,2.021455127144084,84.42452064638363,84.42145512714409,0.5754793536163731,0.5785448728559146,False,1.0
2024-06-01,83.0,82.5,-0.5670497279723512,1.171428571428572,81.93295027202765,83.67142857142858,1.0670497279723463,-0.6714285714285779,True,2.0
2024-06-02,87.0,83.9,2.2898783257633233,2.477569039556241,86.18987832576333,86.37756903955625,0.8101216742366688,0.6224309604437508,False,1.0
2024-06-03,85.0,87.0,-0.586061113081932,-0.8620348479746393,86.41393888691807,86.13796515202536,-1.413938886918075,-1.1379651520253589,False,1.0
2024-06-04,92.0,91.2,1.636210088007212,1.750560512170573,92.83621008800722,92.95056051217058,-0.8362100880072205,-0.9505605121705827,False,1.0
2024-06-05,90.0,89.6,2.6502560675407176,2.4811052826544366,92.25025606754072,92.08110528265443,-2.250256067540718,-2.081105282654434,False,1.0
2024-06-06,95.0,90.3,5.115158571678581,5.466005840315919,95.41515857167857,95.76600584031591,-0.4151585716785746,-0.7660058403159127,False,1.0
2024-06-07,94.0,91.1,3.471184321868809,3.4002480246083815,94.5711843218688,94.50024802460838,-0.5711843218687989,-0.500248024608382,False,1.0
2024-06-08,97.0,92.7,3.9080534751759672,3.6447596403474467,96.60805347517596,96.34475964034745,0.3919465248240357,0.6552403596525522,False,1.0
2024-06-09,94.0,90.9,2.6791656996604183,2.582309331667384,93.57916569966042,93.4823093316674,0.42083430033957825,0.5176906683326052,False,1.0
2024-06-10,89.0,89.3,0.9194803997117541,0.7118607356012893,90.21948039971176,90.01186073560129,-1.219480399711756,-1.0118607356012888,False,1.0
2024-06-11,82.4,81.8,0.6969589025453802,0.7660640989057309,82.49695890254537,82.56606409890573,-0.09695890254536721,-0.16606409890572138,False,1.0
2024-06-12,90.0,87.1,2.701581942712832,2.2013065245885213,89.80158194271283,89.30130652458851,0.19841805728717077,0.6986934754114884,False,1.0
2024-06-13,93.0,90.1,2.9018121418052387,2.8776257112109302,93.00181214180523,92.97762571121092,-0.001812141805231704,0.022374288789080765,False,1.0
2024-06-14,95.0,91.5,3.9129922943165836,4.074145997315705,95.41299229431658,95.57414599731571,-0.4129922943165809,-0.5741459973157106,False,1.0
2024-06-15,93.0,91.8,,0.8656701670410907,,92.66567016704109,,0.3343298329589146,False,1.0
2024-06-16,93.0,92.9,0.35958584060185345,0.3285171965022477,93.25958584060186,93.22851719650225,-0.25958584060185785,-0.22851719650225277,False,1.0
2024-06-17,94.0,92.3,2.235295608036671,2.2416089662198533,94.53529560803666,94.54160896621985,-0.5352956080366624,-0.5416089662198544,False,1.0
2024-06-18,92.0,92.5,0.2546388544060044,0.15993923223581522,92.75463885440601,92.65993923223581,-0.7546388544060108,-0.6599392322358142,False,1.0
2024-06-19,88.0,90.3,-0.2867542908433534,-0.5455215337945444,90.01324570915665,89.75447846620546,-2.0132457091566494,-1.7544784662054553,False,1.0
2024-06-20,92.0,91.1,1.2959671945311924,0.7349312177734272,92.39596719453118,91.83493121777342,-0.3959671945311811,0.16506878222658372,False,1.0
2024-06-21,92.0,90.1,3.152129341181609,3.1700075106870402,93.2521293411816,93.27000751068704,-1.2521293411816004,-1.2700075106870372,False,1.0
2024-06-22,95.0,94.1,0.6656417648573498,0.6205791466314678,94.76564176485735,94.72057914663147,0.23435823514265053,0.27942085336853495,False,1.0
2024-06-23,96.0,96.0,1.432758577723339,1.4764045258597465,97.43275857772333,97.47640452585975,-1.4327585777233338,-1.4764045258597491,False,1.0
2024-06-24,97.0,95.8,1.7627164717782426,1.745773186450255,97.56271647177824,97.54577318645025,-0.5627164717782449,-0.5457731864502477,False,1.0
2024-06-25,96.0,96.6,0.06754211622206599,0.18189827789736362,96.66754211622207,96.78189827789735,-0.6675421162220658,-0.7818982778973549,False,1.0
2024-06-26,98.0,98.6,-0.6201771740186754,-0.668566202019551,97.97982282598132,97.93143379798045,0.02017717401868424,0.06856620201955366,False,1.0
2024-06-27,96.0,97.9,-0.6674509779108823,-0.9338203858159514,97.23254902208912,96.96617961418406,-1.2325490220891169,-0.9661796141840568,False,1.0
2024-06-28,99.0,99.9,0.8240762963261812,0.7461082838588855,100.72407629632619,100.6461082838589,-1.7240762963261886,-1.6461082838588936,False,1.0
2024-06-29,98.0,98.2,0.231641701466649,0.21138074222681186,98.43164170146665,98.41138074222681,-0.4316417014666456,-0.411380742226811,False,1.0
2024-06-30,99.0,97.3,1.6319123073913226,1.429336851069911,98.93191230739131,98.7293368510699,0.0680876926086853,0.27066314893009746,False,1.0
2024-07-01,99.0,98.7,1.1717972503571363,1.2372186212464529,99.87179725035713,99.93721862124646,-0.8717972503571332,-0.9372186212464584,False,1.0
2024-07-02,100.0,100.1,1.4172463710970065,1.3577339550045255,101.517246371097,101.45773395500451,-1.5172463710970021,-1.4577339550045139,False,1.0
2024-07-03,100.0,99.3,0.5772904099124945,0.4712310602177898,99.87729040991249,99.77123106021779,0.12270959008750992,0.22876893978221347,False,1.0
2024-07-04,98.0,99.0,0.5250609962344511,0.5380280647898746,99.52506099623444,99.53802806478987,-1.5250609962344441,-1.53802806478987,False,1.0
2024-07-05,96.0,98.1,-1.609232237564595,-1.5272925708906844,96.4907677624354,96.57270742910931,-0.49076776243539655,-0.5727074291093146,False,1.0
2024-07-06,95.0,92.6,3.54628960252748,3.2190937200173084,96.14628960252747,95.8190937200173,-1.1462896025274745,-0.8190937200173067,False,1.0
2024-07-07,96.0,92.8,4.944229116557267,4.933924510353915,97.74422911655726,97.73392451035392,-1.744229116557264,-1.7339245103539156,False,1.0
2024-07-08,85.0,90.8,-3.9882344532466876,-4.427673553627109,86.8117655467533,86.37232644637288,-1.811765546753307,-1.372326446372881,False,1.0
2024-07-09,93.0,91.3,4.005354008470701,3.8509427029860515,95.3053540084707,95.15094270298604,-2.305354008470701,-2.1509427029860433,False,1.0
2024-07-10,99.0,93.4,5.664227157189559,5.82001061709103,99.06422715718956,99.22001061709103,-0.0642271571895634,-0.22001061709103453,False,1.0
2024-07-11,97.0,97.1,1.6122211326085214,1.5824551822017776,98.71222113260852,98.68245518220178,-1.7122211326085193,-1.6824551822017781,False,1.0
2024-07-12,96.0,96.2,0.8372791386500004,0.6773816389854008,97.03727913865,96.8773816389854,-1.0372791386500069,-0.8773816389853977,False,1.0
2024-07-13,95.0,95.3,0.3301384729153503,0.39412674547470894,95.63013847291535,95.6941267454747,-0.6301384729153483,-0.6941267454747049,False,1.0
2024-07-14,98.0,98.5,0.5758783050341234,0.6294726980215868,99.07587830503412,99.12947269802159,-1.0758783050341236,-1.129472698021587,False,1.0
2024-07-15,99.0,100.7,-0.3152809425933197,-0.29608635768668085,100.38471905740668,100.40391364231333,-1.3847190574066843,-1.4039136423133272,False,1.0
2024-07-16,100.0,102.0,-1.0259082026161115,-1.0998161952858514,100.97409179738389,100.90018380471415,-0.9740917973838918,-0.9001838047141462,False,1.0
2024-07-17,96.0,99.6,-2.7548998007802368,-2.781731890865612,96.84510019921976,96.81826810913438,-0.8451001992197575,-0.8182681091343795,False,1.0
2024-07-18,89.0,91.3,0.876845608165527,0.3289394222626546,92.17684560816552,91.62893942226265,-3.1768456081655216,-2.628939422262647,False,1.0
2024-07-19,92.0,90.5,1.4863466968897463,1.506195484191779,91.98634669688974,92.00619548419178,0.01365330311026014,-0.006195484191778178,False,1.0
2024-07-20,94.0,92.8,2.129913992528583,2.561155791780383,94.92991399252858,95.36115579178038,-0.9299139925285829,-1.3611557917803765,False,1.0
2024-07-21,89.0,90.0,-0.4266334534662538,-0.15238347112018563,89.57336654653375,89.84761652887981,-0.5733665465337481,-0.8476165288798114,False,1.0
2024-07-22,88.0,85.4,2.0924128450744672,1.8093896776521032,87.49241284507447,87.20938967765211,0.5075871549255311,0.790610322347888,False,1.0
2024-07-23,87.0,84.1,2.352894239572382,1.7716869930875947,86.45289423957237,85.8716869930876,0.5471057604276268,1.128313006912407,False,1.0
2024-07-24,92.0,88.3,2.7987460466276675,2.7691634047427476,91.09874604662767,91.06916340474274,0.9012539533723327,0.9308365952572615,False,1.0
2024-07-25,91.0,87.0,3.280986888800946,2.3294370064911964,90.28098688880095,89.32943700649119,0.7190131111990468,1.6705629935088098,False,1.0
2024-07-26,87.0,87.9,-0.9417967184688268,-1.1231966746387254,86.95820328153118,86.77680332536129,0.04179671846881661,0.2231966746387144,False,1.0
2024-07-27,91.0,89.3,1.9530364219173881,1.92859859103334,91.25303642191739,91.22859859103333,-0.2530364219173862,-0.22859859103333235,False,1.0
2024-07-28,93.0,93.0,-0.7119632599975261,-0.3826530782743831,92.28803674000247,92.61734692172561,0.7119632599975318,0.3826530782743873,False,1.0
2024-07-29,96.0,96.2,0.5861879443854257,0.8752566342766062,96.78618794438543,97.07525663427661,-0.786187944385432,-1.075256634276613,False,1.0
2024-07-30,96.0,97.0,-0.5333710391548636,-0.6298918735119056,96.46662896084514,96.37010812648809,-0.46662896084514216,-0.3701081264880912,False,1.0
2024-07-31,97.0,98.0,-0.31744870409381004,-0.22256647678486113,97.6825512959062,97.77743352321514,-0.6825512959061939,-0.7774335232151373,False,1.0
2024-08-01,100.0,100.4,0.4456121396907696,0.3848401810607509,100.84561213969077,100.78484018106076,-0.8456121396907719,-0.7848401810607584,False,1.0
2024-08-02,101.0,101.5,1.102860639842628,1.0478862425909072,102.60286063984263,102.5478862425909,-1.602860639842632,-1.5478862425909057,False,1.0
2024-08-03,98.0,99.1,0.22985331651867316,0.1660812643320192,99.32985331651867,99.26608126433202,-1.3298533165186655,-1.2660812643320156,False,1.0
2024-08-04,96.0,95.9,0.9739355964987877,1.3596866790025224,96.8739355964988,97.25968667900253,-0.8739355964987965,-1.2596866790025274,False,1.0
2024-08-05,95.0,95.5,1.391518484722591,1.326347417696001,96.8915184847226,96.826347417696,-1.8915184847225959,-1.8263474176959988,False,1.0
2024-08-06,100.0,98.4,2.534055927901826,2.4257832851955783,100.93405592790184,100.82578328519558,-0.9340559279018379,-0.825783285195584,False,1.0
2024-08-07,101.0,101.9,0.11638062921804435,-0.26954814987799103,102.01638062921805,101.63045185012201,-1.0163806292180482,-0.6304518501220144,False,1.0
2024-08-08,102.0,101.2,1.881082771167563,1.7472834400862172,103.08108277116757,102.94728344008622,-1.0810827711675728,-0.947283440086224,False,1.0
2024-08-09,97.0,98.8,0.7467113090524798,0.4183142699059136,99.54671130905248,99.21831426990592,-2.5467113090524833,-2.2183142699059175,False,1.0
2024-08-10,95.0,94.9,2.456353862236336,2.388567303784931,97.35635386223635,97.28856730378493,-2.3563538622363467,-2.28856730378493,False,1.0
2024-08-11,95.0,96.6,-0.15100516327473051,-0.66859666647232,96.44899483672526,95.93140333352767,-1.4489948367252623,-0.931403333527669,False,1.0
2024-08-12,98.0,97.7,1.1030259276295498,1.184884235979764,98.80302592762955,98.88488423597977,-0.8030259276295482,-0.8848842359797686,False,1.0
2024-08-13,99.0,98.4,1.36993852350806,1.2283791226392657,99.76993852350806,99.62837912263927,-0.7699385235080598,-0.6283791226392736,False,1.0
2024-08-14,99.0,100.2,0.35174686078112966,0.2304135858176159,100.55174686078114,100.43041358581762,-1.5517468607811367,-1.4304135858176181,False,1.0
2024-08-15,101.0,101.2,-0.07163155222059736,-0.1712972913444451,101.12836844777941,101.02870270865556,-0.12836844777940826,-0.02870270865555824,False,1.0
2024-08-16,101.0,102.7,0.6496113865842708,0.6220708683894138,103.34961138658427,103.32207086838942,-2.3496113865842716,-2.3220708683894173,False,1.0
2024-08-17,100.0,102.3,-0.10836806938957855,-0.10652080612252476,102.19163193061041,102.19347919387748,-2.191631930610413,-2.1934791938774794,False,1.0
2024-08-18,103.0,104.6,0.7660207764909652,0.8290023759879965,105.36602077649096,105.42900237598799,-2.3660207764909558,-2.4290023759879915,False,1.0
2024-08-19,106.0,107.1,0.2532639334725868,0.275048741381132,107.35326393347258,107.37504874138112,-1.3532639334725758,-1.3750487413811214,False,1.0
2024-08-20,102.0,105.8,-1.472937882668818,-1.3905425556499151,104.32706211733118,104.40945744435008,-2.327062117331181,-2.409457444350082,False,1.0
2024-08-21,98.0,99.2,-0.5092453404545123,-0.7338338438667725,98.69075465954549,98.46616615613323,-0.6907546595454903,-0.46616615613322665,False,1.0
2024-08-22,99.0,101.9,0.6723433069686168,-0.024586092079433963,102.57234330696862,101.87541390792057,-3.5723433069686195,-2.8754139079205743,False,1.0
2024-08-23,102.0,100.7,2.301514644313424,2.461291201879471,103.00151464431343,103.16129120187948,-1.0015146443134313,-1.1612912018794788,False,1.0
2024-08-24,97.0,99.1,-0.43972077799106696,-0.5533726342128659,98.66027922200892,98.54662736578713,-1.6602792220089242,-1.5466273657871312,False,1.0
2024-08-25,97.0,98.3,0.40904271304688644,0.15360808778049145,98.70904271304688,98.4536080877805,-1.709042713046884,-1.4536080877804949,False,1.0
2024-08-26,95.0,99.9,-2.013021470153033,-2.1309461165181025,97.88697852984697,97.7690538834819,-2.886978529846971,-2.7690538834819023,False,1.0
2024-08-27,95.0,97.2,0.34920756375520073,-0.15210041264163143,97.5492075637552,97.04789958735837,-2.5492075637552034,-2.0478995873583727,False,1.0
2024-08-28,96.0,97.3,0.14628079827378088,-0.29401697543285765,97.44628079827378,97.00598302456714,-1.4462807982737758,-1.0059830245671435,False,1.0
2024-08-29,92.0,94.1,-0.5143860712351144,-1.1319739839166734,93.58561392876489,92.96802601608331,-1.5856139287648858,-0.9680260160833143,False,1.0
2024-08-30,91.0,91.8,0.5861713371064007,0.4554232439532435,92.3861713371064,92.25542324395325,-1.3861713371064042,-1.2554232439532456,False,1.0
2024-08-31,94.0,93.4,1.0442438884129988,0.9103381298308004,94.444243888413,94.31033812983081,-0.44424388841299844,-0.31033812983081077,False,1.0
2024-09-01,93.0,93.2,1.183775852168227,1.176391706837333,94.38377585216823,94.37639170683734,-1.3837758521682275,-1.3763917068373388,False,1.0
2024-09-02,89.0,90.1,0.11517230162202186,-0.24339937987143515,90.21517230162202,89.85660062012856,-1.2151723016220188,-0.8566006201285603,False,1.0
2024-09-03,87.0,88.2,-0.5231892670728667,-0.757699194534289,87.67681073292714,87.44230080546572,-0.6768107329271373,-0.44230080546572026,False,1.0
2024-09-04,78.0,78.3,-1.7543886849599128,-2.208325415852511,76.54561131504009,76.09167458414748,1.454388684959909,1.9083254158525165,False,1.0
2024-09-05,89.0,86.9,2.302573620544205,2.0882120709451657,89.20257362054421,88.98821207094517,-0.20257362054421435,0.011787929054833057,False,1.0
2024-09-06,90.0,89.3,1.7096331979360322,1.4011477253283464,91.00963319793603,90.70114772532834,-1.0096331979360258,-0.7011477253283402,False,1.0
2024-09-07,85.0,86.7,0.05060731357551488,-0.0570840193460995,86.75060731357551,86.64291598065391,-1.7506073135755145,-1.6429159806539104,False,1.0
2024-09-08,83.0,82.1,2.0059873046260277,1.7990712968513711,84.10598730462603,83.89907129685136,-1.1059873046260265,-0.8990712968513606,False,1.0
2024-09-09,85.0,84.7,2.3245678099815428,2.0830366080447558,87.02456780998155,86.78303660804475,-2.024567809981548,-1.7830366080447533,False,1.0
2024-09-10,88.0,88.5,2.57906250438752,2.573223462913134,91.07906250438752,91.07322346291313,-3.0790625043875224,-3.073223462913134,False,1.0
2024-09-11,84.0,90.3,-3.9493114590885683,-3.6841679194923818,86.35068854091143,86.61583208050762,-2.3506885409114346,-2.615832080507616,False,1.0
2024-09-12,85.0,88.7,-0.637340881534902,-1.0396758190039064,88.0626591184651,87.6603241809961,-3.062659118465106,-2.660324180996099,False,1.0
2024-09-13,92.0,94.3,0.8724749918004137,0.9382728556325174,95.17247499180041,95.23827285563252,-3.1724749918004136,-3.238272855632516,False,1.0
2024-09-14,93.0,93.1,2.781750899121737,2.5254887670567854,95.88175089912173,95.62548876705678,-2.8817508991217267,-2.6254887670567797,False,1.0
2024-09-15,92.0,92.0,2.155037834518735,2.442857142857142,94.15503783451874,94.44285714285714,-2.155037834518737,-2.442857142857136,True,2.0
2024-09-16,91.0,92.0,0.10156364580619327,-0.13896393011832134,92.1015636458062,91.86103606988168,-1.1015636458061948,-0.8610360698816777,False,1.0
2024-09-17,89.0,93.0,-1.187734238787246,-1.7232737640040405,91.81226576121276,91.27672623599597,-2.812265761212757,-2.276726235995966,False,1.0
2024-09-18,96.0,94.5,2.0103187334669865,2.1920347544279,96.51031873346699,96.6920347544279,-0.5103187334669883,-0.692034754427894,False,1.0
2024-09-19,96.0,97.5,0.6113523039686468,0.7439241379239816,98.11135230396864,98.24392413792398,-2.111352303968644,-2.243924137923983,False,1.0
2024-09-20,95.0,97.7,1.366901271313855,1.5558517518864308,99.06690127131385,99.25585175188644,-4.066901271313853,-4.255851751886439,False,1.0
2024-09-21,95.0,95.3,1.4100765552011452,1.4116649274580073,96.71007655520114,96.711664927458,-1.710076555201141,-1.7116649274580027,False,1.0
2024-09-22,94.0,93.7,0.21284502595493468,0.5289668300351114,93.91284502595494,94.22896683003512,0.08715497404506323,-0.22896683003511953,False,1.0
2024-09-23,88.0,91.4,-0.8201656770911142,-0.7796774035683417,90.5798343229089,90.62032259643166,-2.5798343229088943,-2.620322596431663,False,1.0
2024-09-24,89.0,86.2,3.8362466707511937,3.8305621251547457,90.0362466707512,90.03056212515474,-1.036246670751197,-1.030562125154745,False,1.0
2024-09-25,86.0,81.4,2.3679906605493724,2.2323297118870284,83.76799066054937,83.63232971188704,2.2320093394506273,2.3676702881129614,False,1.0
2024-09-26,83.0,81.2,3.1730893967256577,3.170592932865116,84.37308939672566,84.37059293286512,-1.3730893967256605,-1.3705929328651223,False,1.0
2024-09-27,84.0,84.0,2.5110987303534626,2.5114331024066856,86.51109873035347,86.51143310240668,-2.511098730353467,-2.5114331024066843,False,1.0
2024-09-28,87.0,87.1,1.756848505594567,1.7238129863835627,88.85684850559456,88.82381298638356,-1.8568485055945558,-1.8238129863835582,False,1.0
2024-09-29,86.0,86.4,1.6657635865507467,1.5521604750238298,88.06576358655076,87.95216047502383,-2.0657635865507586,-1.952160475023831,False,1.0
2024-09-30,91.0,88.7,2.1898221012357535,2.059637661238973,90.88982210123575,90.75963766123897,0.110177898764249,0.24036233876103097,False,1.0
2024-10-01,92.0,90.8,0.8954628992030634,0.8324049398759791,91.69546289920306,91.63240493987598,0.3045371007969351,0.36759506012401744,False,1.0
2024-10-02,89.0,87.4,1.7247786581745417,1.78324393664216,89.12477865817455,89.18324393664217,-0.1247786581745487,-0.18324393664217098,False,1.0
2024-10-03,93.0,91.4,0.0466669345803474,0.29727706091359746,91.44666693458035,91.6972770609136,1.5533330654196504,1.3027229390863937,False,1.0
2024-10-04,89.0,90.5,0.393697213686231,-0.04463333719966861,90.89369721368624,90.45536666280033,-1.893697213686238,-1.45536666280033,False,1.0
2024-10-05,90.0,88.8,0.06635160958317951,-0.05832582744843487,88.86635160958318,88.74167417255157,1.1336483904168233,1.2583258274484308,False,1.0
2024-10-06,88.0,89.5,1.5958131380702334,1.3028926665609586,91.09581313807023,90.80289266656096,-3.095813138070227,-2.8028926665609646,False,1.0
2024-10-07,88.0,89.5,0.9916803455461132,-0.6285714285714293,90.49168034554611,88.87142857142857,-2.491680345546115,-0.8714285714285666,True,2.0
2024-10-08,84.0,85.0,0.6621933618705438,0.6060814061023991,85.66219336187055,85.6060814061024,-1.6621933618705498,-1.6060814061024047,False,1.0
2024-10-09,86.0,86.0,0.5213133843437455,0.10538159778780304,86.52131338434374,86.1053815977878,-0.5213133843437419,-0.10538159778779743,False,1.0
2024-10-10,89.0,90.0,-0.12768953247482473,-0.6409301346793247,89.87231046752518,89.35906986532068,-0.8723104675251818,-0.3590698653206772,False,1.0
2024-10-11,90.0,89.2,0.710987850930613,0.6268741306938816,89.91098785093061,89.82687413069388,0.08901214906939003,0.17312586930611928,False,1.0
2024-10-12,93.0,95.1,-0.15224150297096564,0.39076943075320625,94.94775849702903,95.4907694307532,-1.947758497029028,-2.490769430753204,False,1.0
2024-10-13,95.0,97.6,0.7390047547682682,0.4752511009307486,98.33900475476827,98.07525110093074,-3.3390047547682684,-3.0752511009307426,False,1.0
2024-10-14,85.0,85.6,-0.8788241707217651,-0.20072503564170685,84.72117582927822,85.39927496435828,0.27882417072177645,-0.399274964358284,False,1.0
2024-10-15,93.0,94.6,2.558896364884516,2.6217715552001053,97.15889636488451,97.22177155520009,-4.158896364884512,-4.2217715552000925,False,1.0
2024-10-16,80.0,82.0,0.4634056152739206,-2.27142857142857,82.46340561527393,79.72857142857143,-2.4634056152739277,0.27142857142857224,True,2.0
2024-10-17,71.0,71.4,0.10480403815051151,0.19498361815655738,71.50480403815051,71.59498361815656,-0.5048040381505103,-0.5949836181565615,False,1.0
2024-10-18,77.0,78.0,-0.5140246414789267,-1.060543253737424,77.48597535852107,76.93945674626258,-0.485975358521074,0.06054325373742131,False,1.0
2024-10-19,77.0,78.3,0.4511441282917733,0.16176709346184764,78.75114412829177,78.46176709346184,-1.7511441282917701,-1.4617670934618445,False,1.0
2024-10-20,79.0,81.1,1.3264626838711921,1.3075058189261788,82.4264626838712,82.40750581892617,-3.4264626838711933,-3.407505818926168,False,1.0
2024-10-21,81.0,82.8,1.108295991171888,1.301366843465519,83.90829599117188,84.10136684346551,-2.908295991171883,-3.101366843465513,False,1.0
2024-10-22,88.0,88.7,-0.7727895139377722,-0.31193548904540197,87.92721048606224,88.3880645109546,0.07278951393776367,-0.3880645109546066,False,1.0
2024-10-23,90.0,91.2,-0.1396950314037482,-0.3717939371847371,91.06030496859626,90.82820606281527,-1.060304968596256,-0.8282060628152692,False,1.0
2024-10-24,86.0,89.4,-0.7112525575634466,-0.382554461838024,88.68874744243656,89.01744553816198,-2.688747442436565,-3.0174455381619794,False,1.0
2024-10-25,87.0,88.8,-0.09901542129166674,-1.442857142857142,88.70098457870833,87.35714285714286,-1.7009845787083293,-0.3571428571428612,True,2.0
2024-10-26,82.0,84.3,0.4624641404174926,0.6177670482073945,84.76246414041749,84.9177670482074,-2.7624641404174923,-2.917767048207395,False,1.0
2024-10-27,84.2,86.8,-0.7148993794858309,-1.4511967799911523,86.08510062051417,85.34880322000885,-1.8851006205141658,-1.148803220008844,False,1.0
2024-10-28,86.0,88.2,-0.7876316325719055,-0.5462823194643032,87.4123683674281,87.6537176805357,-1.4123683674281011,-1.6537176805357063,False,1.0
2024-10-29,86.0,87.3,-0.678414006109336,-0.7503883502380166,86.62158599389066,86.54961164976199,-0.6215859938906618,-0.5496116497619852,False,1.0
2024-10-30,87.0,89.2,-0.5643485651558651,-0.6587675571798556,88.63565143484414,88.54123244282015,-1.635651434844135,-1.5412324428201458,False,1.0
2024-10-31,85.0,83.2,2.4000350253278127,2.372548485834804,85.60003502532781,85.5725484858348,-0.6000350253278128,-0.5725484858348011,False,1.0
2024-11-01,72.0,73.8,-1.77542074033736,-3.199999999999999,72.02457925966263,70.6,-0.024579259662630193,1.4000000000000057,True,2.0
2024-11-02,78.0,78.9,-1.0349656464671044,-1.142117104319195,77.8650343535329,77.75788289568081,0.1349656464670943,0.24211710431919187,False,1.0
2024-11-03,80.0,82.0,-0.7074132604473594,-0.8030300496241278,81.29258673955265,81.19696995037587,-1.2925867395526467,-1.1969699503758733,False,1.0
2024-11-04,85.0,79.5,1.4486940591504978,1.2677654389726962,80.9486940591505,80.7677654389727,4.0513059408495025,4.232234561027298,False,1.0
2024-11-05,68.0,69.4,-1.168016682815863,-1.1986964727794933,68.23198331718415,68.20130352722052,-0.23198331718414522,-0.20130352722051725,False,1.0
2024-11-06,73.0,70.2,3.881647138541917,3.2982984874162167,74.08164713854192,73.49829848741622,-1.0816471385419248,-0.4982984874162213,False,1.0
2024-11-07,70.0,75.1,-5.795571913915552,-6.359057598818594,69.30442808608444,68.7409424011814,0.6955719139155576,1.2590575988186004,False,1.0
2024-11-08,71.0,75.5,-3.097818648587864,-3.015101274834446,72.40218135141214,72.48489872516555,-1.402181351412139,-1.48489872516555,False,1.0
2024-11-09,72.0,69.5,3.608804085002267,3.2230522218265665,73.10880408500226,72.72305222182656,-1.1088040850022622,-0.7230522218265634,False,1.0
2024-11-10,81.0,74.2,5.6502691994652,5.518926675555681,79.8502691994652,79.71892667555568,1.1497308005347975,1.2810733244443213,False,1.0
2024-11-11,77.0,72.2,4.754253750045405,4.866902070458048,76.95425375004541,77.06690207045806,0.04574624995458976,-0.06690207045805607,False,1.0
2024-11-12,75.0,70.6,4.014591469488698,3.8767986172829927,74.61459146948869,74.47679861728298,0.3854085305113131,0.5232013827170192,False,1.0
2024-11-13,77.0,72.3,4.699587922825832,4.398959295111506,76.99958792282582,76.69895929511151,0.0004120771741753515,0.3010407048884929,False,1.0
2024-11-14,72.0,66.9,4.860180944759847,4.597477106981058,71.76018094475985,71.49747710698107,0.23981905524014735,0.5025228930189343,False,1.0
2024-11-15,72.0,66.2,5.660300626123146,5.5158988375160956,71.86030062612315,71.7158988375161,0.1396993738768515,0.28410116248390693,False,1.0
2024-11-16,76.0,75.4,2.2181747488145795,2.2473626125588204,77.61817474881458,77.64736261255882,-1.6181747488145817,-1.6473626125588225,False,1.0
2024-11-17,78.0,74.3,1.996628156864562,2.0114070481594943,76.29662815686456,76.3114070481595,1.703371843135443,1.688592951840505,False,1.0
2024-11-18,74.0,73.3,1.057558956876782,1.0876450529533301,74.35755895687677,74.38764505295333,-0.3575589568767725,-0.3876450529533315,False,1.0
2024-11-19,74.0,69.7,5.773009276712765,5.755308982355302,75.47300927671277,75.4553089823553,-1.473009276712773,-1.4553089823553051,False,1.0
2024-11-20,69.0,64.3,2.066999591767081,1.740962248036496,66.36699959176708,66.0409622480365,2.633000408232917,2.959037751963507,False,1.0
2024-11-21,70.0,65.3,5.784684245257799,5.611304280530574,71.08468424525779,70.91130428053057,-1.0846842452577903,-0.9113042805305724,False,1.0
2024-11-22,66.0,61.0,6.038414908969211,6.252716915169213,67.03841490896922,67.25271691516922,-1.0384149089692158,-1.2527169151692163,False,1.0
2024-11-23,74.0,71.4,4.763903441724807,4.110067910512874,76.16390344172481,75.51006791051287,-2.1639034417248126,-1.5100679105128734,False,1.0
2024-11-24,79.0,78.9,1.5238473195960809,1.2555751616564874,80.42384731959609,80.15557516165649,-1.4238473195960921,-1.1555751616564862,False,1.0
2024-11-25,73.0,74.0,1.006600191871689,0.43743656268354714,75.00660019187168,74.43743656268354,-2.0066001918716836,-1.4374365626835441,False,1.0
2024-11-26,60.0,56.2,4.719327036796306,4.598454732991143,60.91932703679631,60.798454732991146,-0.9193270367963109,-0.7984547329911464,False,1.0
2024-11-27,82.0,82.8,-0.8860896809310775,-0.9155530312407077,81.91391031906892,81.88444696875929,0.0860896809310816,0.11555303124070804,False,1.0
2024-11-28,61.0,66.9,-4.081520453432769,-4.367196413611519,62.81847954656724,62.53280358638849,-1.8184795465672394,-1.5328035863884892,False,1.0
2024-11-29,54.0,52.2,2.9811519946873273,2.7999993801741465,55.18115199468733,54.99999938017415,-1.1811519946873332,-0.9999993801741525,False,1.0
2024-11-30,60.0,59.7,0.2441610861014582,0.2941024301141608,59.94416108610146,59.99410243011416,0.055838913898540454,0.005897569885839005,False,1.0
2024-12-01,64.0,60.8,3.027496495859589,3.125550063219386,63.827496495859585,63.92555006321938,0.1725035041404155,0.07444993678061707,False,1.0
2024-12-02,65.0,62.7,2.9432980466286716,2.9443024681109646,65.64329804662867,65.64430246811096,-0.6432980466286722,-0.6443024681109648,False,1.0
2024-12-03,61.0,58.5,3.317439319209769,3.321259813260749,61.81743931920977,61.82125981326075,-0.8174393192097682,-0.8212598132607525,False,1.0
2024-12-04,54.0,57.4,-1.9882195799042477,-1.833213943641065,55.41178042009575,55.566786056358936,-1.4117804200957522,-1.5667860563589358,False,1.0
2024-12-05,55.0,55.2,1.857168930113931,1.7925176277908406,57.05716893011393,56.992517627790846,-2.0571689301139315,-1.9925176277908463,False,1.0
2024-12-06,51.0,47.9,2.9551261445862713,3.258892565566999,50.85512614458627,51.158892565567,0.14487385541372788,-0.15889256556700104,False,1.0
2024-12-07,49.0,48.7,-0.872070459068673,-1.0577134369701353,47.82792954093133,47.64228656302987,1.1720704590686708,1.3577134369701298,False,1.0
2024-12-08,57.0,62.2,-4.2603553686891455,-4.288013695098698,57.939644631310856,57.911986304901305,-0.9396446313108555,-0.9119863049013048,False,1.0
2024-12-09,72.0,68.6,4.125930309471504,3.9366723897906675,72.7259303094715,72.53667238979067,-0.7259303094714937,-0.5366723897906667,False,1.0
2024-12-10,55.4,58.7,-2.36883724141763,-2.706507495291672,56.33116275858237,55.99349250470833,-0.9311627585823743,-0.5934925047083297,False,1.0
2024-12-11,61.0,56.1,4.882177748608643,4.6599168578073815,60.98217774860864,60.75991685780738,0.01782225139135818,0.24008314219261706,False,1.0
2024-12-12,61.0,58.5,3.4114862581114034,3.5322198014995827,61.9114862581114,62.03221980149958,-0.9114862581114025,-1.0322198014995791,False,1.0
2024-12-13,58.0,62.2,-3.637608434380724,-3.769139256876378,58.56239156561928,58.430860743123624,-0.5623915656192793,-0.430860743123624,False,1.0
2024-12-14,73.0,68.5,4.356501087680836,4.0578124153190664,72.85650108768084,72.55781241531906,0.1434989123191599,0.4421875846809371,False,1.0
2024-12-15,76.0,72.9,2.960984276511496,2.6296357117522957,75.8609842765115,75.5296357117523,0.1390157234884981,0.47036428824769416,False,1.0
2024-12-16,77.0,74.1,3.5667605130360274,3.983170454602375,77.66676051303602,78.08317045460237,-0.6667605130360243,-1.0831704546023673,False,1.0
2024-12-17,75.0,74.5,1.0533957364615492,0.9411722128849785,75.55339573646155,75.44117221288498,-0.5533957364615532,-0.4411722128849789,False,1.0
2024-12-18,71.0,70.0,1.573424197423042,1.5751756192782902,71.57342419742304,71.57517561927828,-0.5734241974230372,-0.5751756192782835,False,1.0
2024-12-19,62.0,57.7,4.758238148911271,4.633007019097024,62.45823814891128,62.333007019097025,-0.4582381489112777,-0.3330070190970247,False,1.0
2024-12-20,57.0,52.8,4.7461668765123735,4.892894874392073,57.54616687651237,57.69289487439207,-0.5461668765123733,-0.6928948743920671,False,1.0
2024-12-21,54.0,51.5,2.818535729128744,2.5453625726288354,54.31853572912874,54.04536257262883,-0.3185357291287403,-0.045362572628832254,False,1.0
2024-12-22,62.0,58.6,3.7449645106007243,3.9534000329256673,62.344964510600725,62.553400032925666,-0.3449645106007253,-0.5534000329256656,False,1.0
2024-12-23,67.0,66.2,1.7925587364988793,1.9193603458954966,67.99255873649888,68.1193603458955,-0.9925587364988786,-1.119360345895501,False,1.0
2024-12-24,65.0,64.9,1.8642814303005013,1.653142051735127,66.76428143030051,66.55314205173514,-1.7642814303005139,-1.5531420517351364,False,1.0
2024-12-25,60.0,59.5,-1.4506127517404832,-2.1844383557232554,58.049387248259514,57.31556164427674,1.9506127517404863,2.684438355723259,False,1.0
2024-12-26,58.0,62.0,-1.964684916961679,-2.059979175863132,60.03531508303832,59.940020824136866,-2.03531508303832,-1.940020824136866,False,1.0
2024-12-27,72.0,67.6,3.7661003594436715,3.9134437053999434,71.36610035944366,71.51344370539994,0.6338996405563364,0.48655629460006367,False,1.0
2024-12-28,62.0,68.3,-3.9248493858823106,-4.1167016666659215,64.37515061411769,64.18329833333408,-2.375150614117686,-2.183298333334079,False,1.0
2024-12-29,70.0,66.9,2.163224574345046,2.2710661620007695,69.06322457434506,69.17106616200077,0.9367754256549432,0.8289338379992301,False,1.0
2024-12-30,82.0,75.4,5.78011033664023,5.505846750869135,81.18011033664024,80.90584675086915,0.8198896633597599,1.094153249130855,False,1.0
